name,description,price,image
Shoes Product 1,"Durable, affordable, and high in demand.",4105.41,https://rukminim2.flixcart.com/image/416/416/xif0q/book/j/y/z/-original-imagh2g7q9bfkvf3.jpeg?q=70
Watches Product 2,"Durable, affordable, and high in demand.",6038.84,https://rukminim2.flixcart.com/image/416/416/xif0q/headphone/2/u/p/-original-imagt74fgd5zghzz.jpeg?q=70
Shoes Product 3,High quality product with excellent features.,43748.59,https://rukminim2.flixcart.com/image/416/416/kqidx8w0/watch/c/t/y/1-nw-243-gold-chain-king-diamond-gold-fogg-original-imag4hzykhk2zb8g.jpeg?q=70
Laptop Product 4,"Durable, affordable, and high in demand.",2916.88,https://rukminim2.flixcart.com/image/416/416/kqidx8w0/t-shirt/2/s/b/l-plain-t-shirt-royal-blue-fashion-frill-original-imag4hzyeyubzgwf.jpeg?q=70
Bags Product 5,New arrival with exciting features.,30106.79,https://rukminim2.flixcart.com/image/416/416/xif0q/headphone/2/u/p/-original-imagt74fgd5zghzz.jpeg?q=70
Bags Product 6,Perfect gift item with a great price.,26312.73,https://rukminim2.flixcart.com/image/416/416/kqidx8w0/t-shirt/2/s/b/l-plain-t-shirt-royal-blue-fashion-frill-original-imag4hzyeyubzgwf.jpeg?q=70
Laptop Product 7,"Durable, affordable, and high in demand.",33287.62,https://rukminim2.flixcart.com/image/416/416/xif0q/shoe/l/n/f/-original-imagqf94qgdhzngm.jpeg?q=70
Mobile Product 8,Popular item. Fast delivery guaranteed.,24600.19,https://rukminim2.flixcart.com/image/416/416/xif0q/shoe/l/n/f/-original-imagqf94qgdhzngm.jpeg?q=70
Books Product 9,High quality product with excellent features.,31130.57,https://rukminim2.flixcart.com/image/416/416/xif0q/book/j/y/z/-original-imagh2g7q9bfkvf3.jpeg?q=70
Watches Product 10,Stylish and comfortable for everyday use.,47218.91,https://rukminim2.flixcart.com/image/416/416/xif0q/mobile/q/a/t/-original-imagzvf2h7feqvsk.jpeg?q=70
Shoes Product 11,New arrival with exciting features.,42928.72,https://rukminim2.flixcart.com/image/416/416/kqidx8w0/watch/c/t/y/1-nw-243-gold-chain-king-diamond-gold-fogg-original-imag4hzykhk2zb8g.jpeg?q=70
Laptop Product 12,Popular item. Fast delivery guaranteed.,45083.57,https://rukminim2.flixcart.com/image/416/416/xif0q/book/j/y/z/-original-imagh2g7q9bfkvf3.jpeg?q=70
Laptop Product 13,"Durable, affordable, and high in demand.",1142.13,https://rukminim2.flixcart.com/image/416/416/xif0q/shoe/l/n/f/-original-imagqf94qgdhzngm.jpeg?q=70
Watches Product 14,"Durable, affordable, and high in demand.",11804.52,https://rukminim2.flixcart.com/image/416/416/xif0q/headphone/2/u/p/-original-imagt74fgd5zghzz.jpeg?q=70
Bags Product 15,Stylish and comfortable for everyday use.,3127.82,https://rukminim2.flixcart.com/image/416/416/xif0q/shoe/l/n/f/-original-imagqf94qgdhzngm.jpeg?q=70
Watches Product 16,Top-rated product with amazing performance.,557.1,https://rukminim2.flixcart.com/image/416/416/kqidx8w0/watch/c/t/y/1-nw-243-gold-chain-king-diamond-gold-fogg-original-imag4hzykhk2zb8g.jpeg?q=70
Shoes Product 17,"Durable, affordable, and high in demand.",42723.24,https://rukminim2.flixcart.com/image/416/416/xif0q/mobile/q/a/t/-original-imagzvf2h7feqvsk.jpeg?q=70
Laptop Product 18,Popular item. Fast delivery guaranteed.,33737.35,https://rukminim2.flixcart.com/image/416/416/xif0q/book/j/y/z/-original-imagh2g7q9bfkvf3.jpeg?q=70
Headphones Product 19,Stylish and comfortable for everyday use.,7251.56,https://rukminim2.flixcart.com/image/416/416/kqidx8w0/watch/c/t/y/1-nw-243-gold-chain-king-diamond-gold-fogg-original-imag4hzykhk2zb8g.jpeg?q=70
Shoes Product 20,"Durable, affordable, and high in demand.",39314.2,https://rukminim2.flixcart.com/image/416/416/xif0q/shoe/l/n/f/-original-imagqf94qgdhzngm.jpeg?q=70
Laptop Product 21,Top-rated product with amazing performance.,36731.83,https://rukminim2.flixcart.com/image/416/416/xif0q/mobile/q/a/t/-original-imagzvf2h7feqvsk.jpeg?q=70
Books Product 22,New arrival with exciting features.,42323.0,https://rukminim2.flixcart.com/image/416/416/xif0q/book/j/y/z/-original-imagh2g7q9bfkvf3.jpeg?q=70
Mobile Product 23,Limited stock available. Order now!,18475.62,https://rukminim2.flixcart.com/image/416/416/kqidx8w0/watch/c/t/y/1-nw-243-gold-chain-king-diamond-gold-fogg-original-imag4hzykhk2zb8g.jpeg?q=70
Laptop Product 24,"Durable, affordable, and high in demand.",28623.27,https://rukminim2.flixcart.com/image/416/416/xif0q/shoe/l/n/f/-original-imagqf94qgdhzngm.jpeg?q=70
Headphones Product 25,Stylish and comfortable for everyday use.,46199.23,https://rukminim2.flixcart.com/image/416/416/kqidx8w0/t-shirt/2/s/b/l-plain-t-shirt-royal-blue-fashion-frill-original-imag4hzyeyubzgwf.jpeg?q=70
T-Shirts Product 26,High quality product with excellent features.,4727.7,https://rukminim2.flixcart.com/image/416/416/kqidx8w0/watch/c/t/y/1-nw-243-gold-chain-king-diamond-gold-fogg-original-imag4hzykhk2zb8g.jpeg?q=70
Books Product 27,New arrival with exciting features.,10916.84,https://rukminim2.flixcart.com/image/416/416/xif0q/book/j/y/z/-original-imagh2g7q9bfkvf3.jpeg?q=70
Bags Product 28,Popular item. Fast delivery guaranteed.,25804.76,https://rukminim2.flixcart.com/image/416/416/xif0q/headphone/2/u/p/-original-imagt74fgd5zghzz.jpeg?q=70
Books Product 29,Perfect gift item with a great price.,43627.35,https://rukminim2.flixcart.com/image/416/416/xif0q/shoe/l/n/f/-original-imagqf94qgdhzngm.jpeg?q=70
Bags Product 30,New arrival with exciting features.,5965.19,https://rukminim2.flixcart.com/image/416/416/xif0q/mobile/q/a/t/-original-imagzvf2h7feqvsk.jpeg?q=70
Laptop Product 31,Limited stock available. Order now!,2905.85,https://rukminim2.flixcart.com/image/416/416/kqidx8w0/watch/c/t/y/1-nw-243-gold-chain-king-diamond-gold-fogg-original-imag4hzykhk2zb8g.jpeg?q=70
Watches Product 32,High quality product with excellent features.,32331.74,https://rukminim2.flixcart.com/image/416/416/xif0q/shoe/l/n/f/-original-imagqf94qgdhzngm.jpeg?q=70
Books Product 33,Stylish and comfortable for everyday use.,34312.28,https://rukminim2.flixcart.com/image/416/416/xif0q/shoe/l/n/f/-original-imagqf94qgdhzngm.jpeg?q=70
T-Shirts Product 34,Perfect gift item with a great price.,26200.12,https://rukminim2.flixcart.com/image/416/416/xif0q/shoe/l/n/f/-original-imagqf94qgdhzngm.jpeg?q=70
Books Product 35,Perfect gift item with a great price.,39909.88,https://rukminim2.flixcart.com/image/416/416/kqidx8w0/t-shirt/2/s/b/l-plain-t-shirt-royal-blue-fashion-frill-original-imag4hzyeyubzgwf.jpeg?q=70
T-Shirts Product 36,High quality product with excellent features.,20857.33,https://rukminim2.flixcart.com/image/416/416/kqidx8w0/watch/c/t/y/1-nw-243-gold-chain-king-diamond-gold-fogg-original-imag4hzykhk2zb8g.jpeg?q=70
Laptop Product 37,"Durable, affordable, and high in demand.",39820.63,https://rukminim2.flixcart.com/image/416/416/xif0q/mobile/q/a/t/-original-imagzvf2h7feqvsk.jpeg?q=70
Shoes Product 38,Limited stock available. Order now!,5318.79,https://rukminim2.flixcart.com/image/416/416/xif0q/book/j/y/z/-original-imagh2g7q9bfkvf3.jpeg?q=70
Laptop Product 39,High quality product with excellent features.,6089.19,https://rukminim2.flixcart.com/image/416/416/kqidx8w0/watch/c/t/y/1-nw-243-gold-chain-king-diamond-gold-fogg-original-imag4hzykhk2zb8g.jpeg?q=70
T-Shirts Product 40,Perfect gift item with a great price.,20039.66,https://rukminim2.flixcart.com/image/416/416/xif0q/shoe/l/n/f/-original-imagqf94qgdhzngm.jpeg?q=70
Bags Product 41,Stylish and comfortable for everyday use.,33345.62,https://rukminim2.flixcart.com/image/416/416/xif0q/mobile/q/a/t/-original-imagzvf2h7feqvsk.jpeg?q=70
Headphones Product 42,New arrival with exciting features.,45349.17,https://rukminim2.flixcart.com/image/416/416/xif0q/mobile/q/a/t/-original-imagzvf2h7feqvsk.jpeg?q=70
Books Product 43,Popular item. Fast delivery guaranteed.,46363.2,https://rukminim2.flixcart.com/image/416/416/xif0q/mobile/q/a/t/-original-imagzvf2h7feqvsk.jpeg?q=70
Watches Product 44,Top-rated product with amazing performance.,18664.0,https://rukminim2.flixcart.com/image/416/416/xif0q/shoe/l/n/f/-original-imagqf94qgdhzngm.jpeg?q=70
Mobile Product 45,Popular item. Fast delivery guaranteed.,44870.28,https://rukminim2.flixcart.com/image/416/416/xif0q/book/j/y/z/-original-imagh2g7q9bfkvf3.jpeg?q=70
Headphones Product 46,Limited stock available. Order now!,5278.1,https://rukminim2.flixcart.com/image/416/416/kqidx8w0/watch/c/t/y/1-nw-243-gold-chain-king-diamond-gold-fogg-original-imag4hzykhk2zb8g.jpeg?q=70
Mobile Product 47,Popular item. Fast delivery guaranteed.,7532.84,https://rukminim2.flixcart.com/image/416/416/xif0q/headphone/2/u/p/-original-imagt74fgd5zghzz.jpeg?q=70
Bags Product 48,High quality product with excellent features.,22585.61,https://rukminim2.flixcart.com/image/416/416/xif0q/headphone/2/u/p/-original-imagt74fgd5zghzz.jpeg?q=70
Headphones Product 49,Top-rated product with amazing performance.,20862.38,https://rukminim2.flixcart.com/image/416/416/xif0q/shoe/l/n/f/-original-imagqf94qgdhzngm.jpeg?q=70
Shoes Product 50,Popular item. Fast delivery guaranteed.,29866.03,https://rukminim2.flixcart.com/image/416/416/xif0q/book/j/y/z/-original-imagh2g7q9bfkvf3.jpeg?q=70
Watches Product 51,Limited stock available. Order now!,16312.65,https://rukminim2.flixcart.com/image/416/416/xif0q/book/j/y/z/-original-imagh2g7q9bfkvf3.jpeg?q=70
Bags Product 52,New arrival with exciting features.,10931.25,https://rukminim2.flixcart.com/image/416/416/kqidx8w0/watch/c/t/y/1-nw-243-gold-chain-king-diamond-gold-fogg-original-imag4hzykhk2zb8g.jpeg?q=70
Headphones Product 53,Stylish and comfortable for everyday use.,12118.05,https://rukminim2.flixcart.com/image/416/416/xif0q/book/j/y/z/-original-imagh2g7q9bfkvf3.jpeg?q=70
Books Product 54,Top-rated product with amazing performance.,14201.7,https://rukminim2.flixcart.com/image/416/416/kqidx8w0/watch/c/t/y/1-nw-243-gold-chain-king-diamond-gold-fogg-original-imag4hzykhk2zb8g.jpeg?q=70
Books Product 55,Popular item. Fast delivery guaranteed.,25233.65,https://rukminim2.flixcart.com/image/416/416/xif0q/headphone/2/u/p/-original-imagt74fgd5zghzz.jpeg?q=70
Headphones Product 56,High quality product with excellent features.,39960.23,https://rukminim2.flixcart.com/image/416/416/xif0q/headphone/2/u/p/-original-imagt74fgd5zghzz.jpeg?q=70
Shoes Product 57,Perfect gift item with a great price.,49166.8,https://rukminim2.flixcart.com/image/416/416/xif0q/headphone/2/u/p/-original-imagt74fgd5zghzz.jpeg?q=70
Laptop Product 58,Popular item. Fast delivery guaranteed.,43749.58,https://rukminim2.flixcart.com/image/416/416/xif0q/shoe/l/n/f/-original-imagqf94qgdhzngm.jpeg?q=70
Watches Product 59,Limited stock available. Order now!,28879.65,https://rukminim2.flixcart.com/image/416/416/xif0q/book/j/y/z/-original-imagh2g7q9bfkvf3.jpeg?q=70
Watches Product 60,"Durable, affordable, and high in demand.",22179.59,https://rukminim2.flixcart.com/image/416/416/xif0q/shoe/l/n/f/-original-imagqf94qgdhzngm.jpeg?q=70
Books Product 61,Popular item. Fast delivery guaranteed.,45118.8,https://rukminim2.flixcart.com/image/416/416/kqidx8w0/watch/c/t/y/1-nw-243-gold-chain-king-diamond-gold-fogg-original-imag4hzykhk2zb8g.jpeg?q=70
Watches Product 62,High quality product with excellent features.,11538.52,https://rukminim2.flixcart.com/image/416/416/xif0q/mobile/q/a/t/-original-imagzvf2h7feqvsk.jpeg?q=70
Books Product 63,Top-rated product with amazing performance.,39662.06,https://rukminim2.flixcart.com/image/416/416/kqidx8w0/watch/c/t/y/1-nw-243-gold-chain-king-diamond-gold-fogg-original-imag4hzykhk2zb8g.jpeg?q=70
Bags Product 64,Stylish and comfortable for everyday use.,35924.68,https://rukminim2.flixcart.com/image/416/416/xif0q/mobile/q/a/t/-original-imagzvf2h7feqvsk.jpeg?q=70
Bags Product 65,"Durable, affordable, and high in demand.",15950.7,https://rukminim2.flixcart.com/image/416/416/xif0q/mobile/q/a/t/-original-imagzvf2h7feqvsk.jpeg?q=70
Watches Product 66,"Durable, affordable, and high in demand.",30621.38,https://rukminim2.flixcart.com/image/416/416/kqidx8w0/t-shirt/2/s/b/l-plain-t-shirt-royal-blue-fashion-frill-original-imag4hzyeyubzgwf.jpeg?q=70
Mobile Product 67,Popular item. Fast delivery guaranteed.,47199.04,https://rukminim2.flixcart.com/image/416/416/kqidx8w0/t-shirt/2/s/b/l-plain-t-shirt-royal-blue-fashion-frill-original-imag4hzyeyubzgwf.jpeg?q=70
Headphones Product 68,Stylish and comfortable for everyday use.,10578.04,https://rukminim2.flixcart.com/image/416/416/kqidx8w0/watch/c/t/y/1-nw-243-gold-chain-king-diamond-gold-fogg-original-imag4hzykhk2zb8g.jpeg?q=70
Mobile Product 69,"Durable, affordable, and high in demand.",17431.56,https://rukminim2.flixcart.com/image/416/416/xif0q/shoe/l/n/f/-original-imagqf94qgdhzngm.jpeg?q=70
Headphones Product 70,"Durable, affordable, and high in demand.",28895.4,https://rukminim2.flixcart.com/image/416/416/kqidx8w0/t-shirt/2/s/b/l-plain-t-shirt-royal-blue-fashion-frill-original-imag4hzyeyubzgwf.jpeg?q=70
Mobile Product 71,Limited stock available. Order now!,13599.55,https://rukminim2.flixcart.com/image/416/416/xif0q/mobile/q/a/t/-original-imagzvf2h7feqvsk.jpeg?q=70
Headphones Product 72,Limited stock available. Order now!,7666.91,https://rukminim2.flixcart.com/image/416/416/kqidx8w0/t-shirt/2/s/b/l-plain-t-shirt-royal-blue-fashion-frill-original-imag4hzyeyubzgwf.jpeg?q=70
Watches Product 73,Limited stock available. Order now!,37917.52,https://rukminim2.flixcart.com/image/416/416/xif0q/shoe/l/n/f/-original-imagqf94qgdhzngm.jpeg?q=70
Books Product 74,Perfect gift item with a great price.,36090.12,https://rukminim2.flixcart.com/image/416/416/xif0q/book/j/y/z/-original-imagh2g7q9bfkvf3.jpeg?q=70
Shoes Product 75,Perfect gift item with a great price.,7374.11,https://rukminim2.flixcart.com/image/416/416/xif0q/mobile/q/a/t/-original-imagzvf2h7feqvsk.jpeg?q=70
Laptop Product 76,New arrival with exciting features.,26141.22,https://rukminim2.flixcart.com/image/416/416/xif0q/book/j/y/z/-original-imagh2g7q9bfkvf3.jpeg?q=70
Shoes Product 77,Stylish and comfortable for everyday use.,19073.32,https://rukminim2.flixcart.com/image/416/416/xif0q/shoe/l/n/f/-original-imagqf94qgdhzngm.jpeg?q=70
Laptop Product 78,Limited stock available. Order now!,13589.03,https://rukminim2.flixcart.com/image/416/416/xif0q/mobile/q/a/t/-original-imagzvf2h7feqvsk.jpeg?q=70
Laptop Product 79,"Durable, affordable, and high in demand.",34559.6,https://rukminim2.flixcart.com/image/416/416/kqidx8w0/watch/c/t/y/1-nw-243-gold-chain-king-diamond-gold-fogg-original-imag4hzykhk2zb8g.jpeg?q=70
Watches Product 80,New arrival with exciting features.,3789.72,https://rukminim2.flixcart.com/image/416/416/kqidx8w0/t-shirt/2/s/b/l-plain-t-shirt-royal-blue-fashion-frill-original-imag4hzyeyubzgwf.jpeg?q=70
Laptop Product 81,"Durable, affordable, and high in demand.",46798.19,https://rukminim2.flixcart.com/image/416/416/xif0q/mobile/q/a/t/-original-imagzvf2h7feqvsk.jpeg?q=70
Headphones Product 82,Popular item. Fast delivery guaranteed.,24462.35,https://rukminim2.flixcart.com/image/416/416/xif0q/book/j/y/z/-original-imagh2g7q9bfkvf3.jpeg?q=70
Watches Product 83,New arrival with exciting features.,4693.3,https://rukminim2.flixcart.com/image/416/416/kqidx8w0/t-shirt/2/s/b/l-plain-t-shirt-royal-blue-fashion-frill-original-imag4hzyeyubzgwf.jpeg?q=70
Mobile Product 84,Limited stock available. Order now!,22294.55,https://rukminim2.flixcart.com/image/416/416/xif0q/book/j/y/z/-original-imagh2g7q9bfkvf3.jpeg?q=70
Bags Product 85,Top-rated product with amazing performance.,11161.45,https://rukminim2.flixcart.com/image/416/416/xif0q/book/j/y/z/-original-imagh2g7q9bfkvf3.jpeg?q=70
Headphones Product 86,Popular item. Fast delivery guaranteed.,14770.52,https://rukminim2.flixcart.com/image/416/416/kqidx8w0/watch/c/t/y/1-nw-243-gold-chain-king-diamond-gold-fogg-original-imag4hzykhk2zb8g.jpeg?q=70
T-Shirts Product 87,High quality product with excellent features.,7544.69,https://rukminim2.flixcart.com/image/416/416/xif0q/shoe/l/n/f/-original-imagqf94qgdhzngm.jpeg?q=70
Bags Product 88,High quality product with excellent features.,19662.36,https://rukminim2.flixcart.com/image/416/416/kqidx8w0/t-shirt/2/s/b/l-plain-t-shirt-royal-blue-fashion-frill-original-imag4hzyeyubzgwf.jpeg?q=70
Mobile Product 89,Limited stock available. Order now!,27135.56,https://rukminim2.flixcart.com/image/416/416/kqidx8w0/t-shirt/2/s/b/l-plain-t-shirt-royal-blue-fashion-frill-original-imag4hzyeyubzgwf.jpeg?q=70
Books Product 90,Top-rated product with amazing performance.,5410.01,https://rukminim2.flixcart.com/image/416/416/xif0q/mobile/q/a/t/-original-imagzvf2h7feqvsk.jpeg?q=70
T-Shirts Product 91,New arrival with exciting features.,45864.27,https://rukminim2.flixcart.com/image/416/416/kqidx8w0/watch/c/t/y/1-nw-243-gold-chain-king-diamond-gold-fogg-original-imag4hzykhk2zb8g.jpeg?q=70
Mobile Product 92,Stylish and comfortable for everyday use.,13118.02,https://rukminim2.flixcart.com/image/416/416/xif0q/headphone/2/u/p/-original-imagt74fgd5zghzz.jpeg?q=70
Bags Product 93,"Durable, affordable, and high in demand.",40514.66,https://rukminim2.flixcart.com/image/416/416/kqidx8w0/t-shirt/2/s/b/l-plain-t-shirt-royal-blue-fashion-frill-original-imag4hzyeyubzgwf.jpeg?q=70
T-Shirts Product 94,"Durable, affordable, and high in demand.",48679.95,https://rukminim2.flixcart.com/image/416/416/kqidx8w0/t-shirt/2/s/b/l-plain-t-shirt-royal-blue-fashion-frill-original-imag4hzyeyubzgwf.jpeg?q=70
Mobile Product 95,Limited stock available. Order now!,35191.97,https://rukminim2.flixcart.com/image/416/416/xif0q/headphone/2/u/p/-original-imagt74fgd5zghzz.jpeg?q=70
Laptop Product 96,Stylish and comfortable for everyday use.,23422.62,https://rukminim2.flixcart.com/image/416/416/kqidx8w0/t-shirt/2/s/b/l-plain-t-shirt-royal-blue-fashion-frill-original-imag4hzyeyubzgwf.jpeg?q=70
Bags Product 97,Stylish and comfortable for everyday use.,24478.6,https://rukminim2.flixcart.com/image/416/416/kqidx8w0/t-shirt/2/s/b/l-plain-t-shirt-royal-blue-fashion-frill-original-imag4hzyeyubzgwf.jpeg?q=70
T-Shirts Product 98,Popular item. Fast delivery guaranteed.,31696.27,https://rukminim2.flixcart.com/image/416/416/xif0q/book/j/y/z/-original-imagh2g7q9bfkvf3.jpeg?q=70
T-Shirts Product 99,High quality product with excellent features.,31566.7,https://rukminim2.flixcart.com/image/416/416/xif0q/mobile/q/a/t/-original-imagzvf2h7feqvsk.jpeg?q=70
Bags Product 100,Top-rated product with amazing performance.,38620.37,https://rukminim2.flixcart.com/image/416/416/kqidx8w0/watch/c/t/y/1-nw-243-gold-chain-king-diamond-gold-fogg-original-imag4hzykhk2zb8g.jpeg?q=70
